club_id,name,pretty_name,domestic_competition_id,total_market_value,squad_size,average_age,foreigners_number,foreigners_percentage,national_team_players,stadium_name,stadium_seats,net_transfer_record,coach_name,url
1429,cesena-fc,Cesena Fc,IT1,5.09,30,24.0,3,10.0,1,"Orogel Stadium ""Dino Manuzzi""",23860,+£180Th.,Pierpaolo Bisoli,https://www.transfermarkt.co.uk/cesena-fc/startseite/verein/1429
5220,gs-ergotelis,Gs Ergotelis,GR1,3.62,30,22.7,11,36.7,1,Pankritio Stadio,25780,+-0,Juan Ferrando,https://www.transfermarkt.co.uk/gs-ergotelis/startseite/verein/5220
20698,balikesirspor,Balikesirspor,TR1,2.21,33,25.5,9,27.3,1,Balıkesir Atatürk,15800,+-0,Ismail Ertekin,https://www.transfermarkt.co.uk/balikesirspor/startseite/verein/20698
6894,kayseri-erciyesspor,Kayseri Erciyesspor,TR1,,0,0.0,0,,0,Kayseri Atatürk Spor Kompleksi Yan Açık Saha,2000,+-0,Hikmet Karaman,https://www.transfermarkt.co.uk/kayseri-erciyesspor/startseite/verein/6894
5572,niki-volou,Niki Volou,GR1,3.38,26,27.9,6,23.1,1,Panthessaliko Stadio,22700,+-0,Wiljan Vloet,https://www.transfermarkt.co.uk/niki-volou/startseite/verein/5572
20100,fc-vestsjaelland,Fc Vestsjaelland,DK1,,0,0.0,0,,0,Harboe Arena,10000,+-0,Michael Hansen,https://www.transfermarkt.co.uk/fc-vestsjaelland/startseite/verein/20100
2783,metalurg-donetsk,Metalurg Donetsk,UKR1,,0,0.0,0,,0,Metalurg,5090,+-0,Volodymyr Pyatenko,https://www.transfermarkt.co.uk/metalurg-donetsk/startseite/verein/2783
1455,fc-dordrecht,Fc Dordrecht,NL1,3.51,25,23.1,9,36.0,0,Riwal Hoogwerkers Stadion,4235,+-0,Ernie Brandts,https://www.transfermarkt.co.uk/fc-dordrecht/startseite/verein/1455
3302,ud-almeria,Ud Almeria,ES1,51.84,24,25.9,10,41.7,1,Estadio de los Juegos Mediterráneos,15274,£-4.82m,Francisco Rodríguez,https://www.transfermarkt.co.uk/ud-almeria/startseite/verein/3302
993,fc-cordoba,Fc Cordoba,ES1,2.81,23,27.0,1,4.3,0,Nuevo Arcángel,21822,+£270Th.,Albert Ferrer,https://www.transfermarkt.co.uk/fc-cordoba/startseite/verein/993
1186,torpedo-moskau,Torpedo Moskau,RU1,7.97,25,26.8,3,12.0,1,"Sportivniy Gorodok, Luzhniki",1872,£-36Th.,Nikolay Savichev,https://www.transfermarkt.co.uk/torpedo-moskau/startseite/verein/1186
1039,queens-park-rangers,Queens Park Rangers,GB1,30.96,24,26.8,15,62.5,6,Kiyan Prince Foundation Stadium,18360,£-1.67m,Harry Redknapp,https://www.transfermarkt.co.uk/queens-park-rangers/startseite/verein/1039
204,lierse-sk,Lierse Sk,BE1,,0,0.0,0,,0,Herman Vanderpoortenstadion,14538,+-0,Stanley Menzo,https://www.transfermarkt.co.uk/lierse-sk/startseite/verein/204
3327,fc-penafiel,Fc Penafiel,PO1,4.37,26,27.7,5,19.2,0,Estádio Municipal 25 de Abril,5230,+-0,Ricardo Chéu,https://www.transfermarkt.co.uk/fc-penafiel/startseite/verein/3327
14171,thonon-evian-grand-geneve-fc,Thonon Evian Grand Geneve Fc,FR1,1.69,20,26.2,5,25.0,1,Stade Joseph-Moynat,0,+-0,Pascal Dupraz,https://www.transfermarkt.co.uk/thonon-evian-grand-geneve-fc/startseite/verein/14171
6996,goverla-uzhgorod,Goverla Uzhgorod,UKR1,,0,0.0,0,,0,Avangard,10640,+-0,Vyacheslav Groznyi,https://www.transfermarkt.co.uk/goverla-uzhgorod/startseite/verein/6996
6994,metalurg-zaporizhya-bis-2016-,Metalurg Zaporizhya Bis 2016 ,UKR1,,0,0.0,0,,0,ZAZ Stadion,15000,+-0,Anatoliy Chantsev,https://www.transfermarkt.co.uk/metalurg-zaporizhya-bis-2016-/startseite/verein/6994
7185,panthrakikos-komotini,Panthrakikos Komotini,GR1,23.0,5,26.3,3,60.0,1,Stadio Komotinis OPAP,5601,+-0,José Manuel Roca,https://www.transfermarkt.co.uk/panthrakikos-komotini/startseite/verein/7185
3216,mersin-idmanyurdu,Mersin Idmanyurdu,TR1,,0,0.0,0,,0,Mersin Stadyumu,25497,+-0,Mesut Bakkal,https://www.transfermarkt.co.uk/mersin-idmanyurdu/startseite/verein/3216
28956,ael-kalloni,Ael Kalloni,GR1,,0,0.0,0,,0,Stadio Mytilinis,4000,+-0,Thalis Theodoridis,https://www.transfermarkt.co.uk/ael-kalloni/startseite/verein/28956
4102,carpi-fc-1909,Carpi Fc 1909,IT1,,0,0.0,0,,0,Sandro Cabassi,5510,+£540Th.,Fabrizio Castori,https://www.transfermarkt.co.uk/carpi-fc-1909/startseite/verein/4102
825,eskisehirspor,Eskisehirspor,TR1,1.55,23,23.2,2,8.7,0,Eskişehir Yeni Stadyum,34930,+£15Th.,Ilhan Mayakan,https://www.transfermarkt.co.uk/eskisehirspor/startseite/verein/825
6414,metalist-kharkiv,Metalist Kharkiv,UKR1,,0,0.0,0,,0,OSK Metalist,38685,+-0,Oleksandr Sevidov,https://www.transfermarkt.co.uk/metalist-kharkiv/startseite/verein/6414
3558,gfc-ajaccio,Gfc Ajaccio,FR1,450.0,9,26.6,0,,0,Stade Ange-Casanova,4050,+-0,Thierry Laurey,https://www.transfermarkt.co.uk/gfc-ajaccio/startseite/verein/3558
11126,mordovia-saransk,Mordovia Saransk,RU1,,0,0.0,0,,0,Mordovia Arena,44442,+-0,Andrey Gordeev,https://www.transfermarkt.co.uk/mordovia-saransk/startseite/verein/11126
2439,kuban-krasnodar,Kuban Krasnodar,RU1,,0,0.0,0,,0,Kuban Stadium,31654,+-0,Dmitri Khokhlov,https://www.transfermarkt.co.uk/kuban-krasnodar/startseite/verein/2439
2990,academica-coimbra,Academica Coimbra,PO1,3.49,29,25.7,12,41.4,3,Estádio Cidade de Coimbra,29744,+-0,José Viterbo,https://www.transfermarkt.co.uk/academica-coimbra/startseite/verein/2990
976,cf-uniao-madeira,Cf Uniao Madeira,PO1,,5,21.2,2,40.0,0,Centro Desportivo da Madeira,2500,+-0,Luís Norton de Matos,https://www.transfermarkt.co.uk/cf-uniao-madeira/startseite/verein/976
641,fc-middlesbrough,Fc Middlesbrough,GB1,36.36,24,25.9,5,20.8,1,Riverside Stadium,33746,£-783Th.,Aitor Karanka,https://www.transfermarkt.co.uk/fc-middlesbrough/startseite/verein/641
3008,hull-city,Hull City,GB1,9.5,25,24.5,8,32.0,1,KCOM Stadium,24983,+-0,Steve Bruce,https://www.transfermarkt.co.uk/hull-city/startseite/verein/3008
289,afc-sunderland,Afc Sunderland,GB1,8.01,20,26.1,11,55.0,2,Stadium of Light,48707,+-0,Sam Allardyce,https://www.transfermarkt.co.uk/afc-sunderland/startseite/verein/289
3691,tom-tomsk,Tom Tomsk,RU1,4.37,24,24.7,1,4.2,0,Trud,10028,£-31Th.,Valeri Petrakov,https://www.transfermarkt.co.uk/tom-tomsk/startseite/verein/3691
4482,volyn-lutsk,Volyn Lutsk,UKR1,788.0,21,21.3,0,,0,Stadion Avangard,12080,+-0,Vitaliy Kvartsyanyi,https://www.transfermarkt.co.uk/volyn-lutsk/startseite/verein/4482
339,dnipro-dnipropetrovsk,Dnipro Dnipropetrovsk,UKR1,,0,0.0,0,,0,Meteor,24381,+-0,Dmytro Mykhaylenko,https://www.transfermarkt.co.uk/dnipro-dnipropetrovsk/startseite/verein/339
1159,as-nancy-lorraine,As Nancy Lorraine,FR1,9.63,19,24.8,8,42.1,1,Stade Marcel-Picot,20087,+-0,Pablo Correa,https://www.transfermarkt.co.uk/as-nancy-lorraine/startseite/verein/1159
2448,sporting-gijon,Sporting Gijon,ES1,16.74,21,25.5,5,23.8,2,El Molinón - Enrique Castro Quini,30000,+-0,Abelardo,https://www.transfermarkt.co.uk/sporting-gijon/startseite/verein/2448
595,sc-bastia,Sc Bastia,FR1,6.44,23,28.5,4,17.4,2,Stade Armand-Cesari,16480,+-0,François Ciccolini,https://www.transfermarkt.co.uk/sc-bastia/startseite/verein/595
968,kvc-westerlo,Kvc Westerlo,BE1,6.35,26,25.0,14,53.8,2,Het Kuipje,8035,+-0,Bob Peeters,https://www.transfermarkt.co.uk/kvc-westerlo/startseite/verein/968
105,sv-darmstadt-98,Sv Darmstadt 98,L1,11.86,27,24.7,5,18.5,0,Merck-Stadion am Böllenfalltor,17400,+£450Th.,Norbert Meier,https://www.transfermarkt.co.uk/sv-darmstadt-98/startseite/verein/105
4795,fc-ingolstadt-04,Fc Ingolstadt 04,L1,7.04,28,25.0,8,28.6,1,Audi Sportpark,15800,+-0,Markus Kauczinski,https://www.transfermarkt.co.uk/fc-ingolstadt-04/startseite/verein/4795
6,adanaspor,Adanaspor,TR1,4.05,34,25.0,10,29.4,1,Yeni Adana Stadyumu,33000,+-0,Engin Ipekoglu,https://www.transfermarkt.co.uk/adanaspor/startseite/verein/6
524,gaziantepspor,Gaziantepspor,TR1,,0,0.0,0,,0,Gaziantep Stadyumu,33502,+-0,Ismail Kartal,https://www.transfermarkt.co.uk/gaziantepspor/startseite/verein/524
47,iraklis-thessaloniki,Iraklis Thessaloniki,GR1,1.26,22,29.0,1,4.5,0,Kaftanzoglio Stadio,27770,+-0,Nikolaos Papadopoulos,https://www.transfermarkt.co.uk/iraklis-thessaloniki/startseite/verein/47
2079,veria-nps,Veria Nps,GR1,2.72,18,26.6,0,,0,Dimotiko Stadio Verias,6350,+-0,Dimitrios Eleftheropoulos,https://www.transfermarkt.co.uk/veria-nps/startseite/verein/2079
458,palermo-fc,Palermo Fc,IT1,4.86,24,26.9,5,20.8,0,"Comunale Renzo Barbera ""La Favorita""",36365,+£1.89m,Davide Ballardini,https://www.transfermarkt.co.uk/palermo-fc/startseite/verein/458
2921,delfino-pescara-1936,Delfino Pescara 1936,IT1,6.39,30,24.0,11,36.7,1,Adriatico,20476,+£2.48m,Massimo Oddo,https://www.transfermarkt.co.uk/delfino-pescara-1936/startseite/verein/2921
2451,inverness-caledonian-thistle-fc,Inverness Caledonian Thistle Fc,SC1,4.73,22,25.7,5,22.7,0,Tulloch Caledonian Stadium,7750,+£209Th.,Richie Foran,https://www.transfermarkt.co.uk/inverness-caledonian-thistle-fc/startseite/verein/2451
40426,fk-tosno,Fk Tosno,RU1,,0,0.0,0,,0,Petrovsky,20985,+-0,Dmitri Parfenov,https://www.transfermarkt.co.uk/fk-tosno/startseite/verein/40426
4128,amkar-perm,Amkar Perm,RU1,3.49,22,25.3,0,,0,Zvezda,17000,+-0,Gadzhi Gadzhiev,https://www.transfermarkt.co.uk/amkar-perm/startseite/verein/4128
3690,ska-khabarovsk,Ska Khabarovsk,RU1,5.85,29,25.2,5,17.2,1,Lenin Stadion,15200,+£26Th.,Aleksey Poddubskiy,https://www.transfermarkt.co.uk/ska-khabarovsk/startseite/verein/3690
2288,swansea-city,Swansea City,GB1,33.53,27,25.1,20,74.1,5,Liberty Stadium,21088,£-1.80m,Paul Clement,https://www.transfermarkt.co.uk/swansea-city/startseite/verein/2288
512,stoke-city,Stoke City,GB1,39.33,24,27.5,11,45.8,5,bet365 Stadium,30089,+£11.03m,Mark Hughes,https://www.transfermarkt.co.uk/stoke-city/startseite/verein/512
1084,fc-malaga,Fc Malaga,ES1,12.87,24,25.3,5,20.8,1,La Rosaleda,30044,+-0,Míchel,https://www.transfermarkt.co.uk/fc-malaga/startseite/verein/1084
897,deportivo-la-coruna,Deportivo La Coruna,ES1,9.95,24,28.0,7,29.2,1,Riazor,32912,+£1.53m,Pepe Mel,https://www.transfermarkt.co.uk/deportivo-la-coruna/startseite/verein/897
472,ud-las-palmas,Ud Las Palmas,ES1,12.42,24,26.2,3,12.5,1,Estadio de Gran Canaria,32392,+£1.30m,Manolo Márquez,https://www.transfermarkt.co.uk/ud-las-palmas/startseite/verein/472
192,roda-jc-kerkrade,Roda Jc Kerkrade,NL1,4.05,16,24.9,6,37.5,0,Parkstad Limburg Stadion,19979,+-0,Robert Molenaar,https://www.transfermarkt.co.uk/roda-jc-kerkrade/startseite/verein/192
41,hamburger-sv,Hamburger Sv,L1,34.67,28,24.9,9,32.1,1,Volksparkstadion,57000,£-1.08m,Markus Gisdol,https://www.transfermarkt.co.uk/hamburger-sv/startseite/verein/41
16247,pfk-stal-kamyanske,Pfk Stal Kamyanske,UKR1,,0,0.0,0,,0,Obolon,5100,+-0,Eghishe Melikyan,https://www.transfermarkt.co.uk/pfk-stal-kamyanske/startseite/verein/16247
8838,zirka-kropyvnytskyi,Zirka Kropyvnytskyi,UKR1,,0,0.0,0,,0,Zirka,14628,+-0,Roman Monarev,https://www.transfermarkt.co.uk/zirka-kropyvnytskyi/startseite/verein/8838
21957,ao-platanias,Ao Platanias,GR1,225.0,9,25.1,2,22.2,0,Dimotiko Gipedo Perivolia,3700,+-0,Georgios Paraschos,https://www.transfermarkt.co.uk/ao-platanias/startseite/verein/21957
5219,aok-kerkyra,Aok Kerkyra,GR1,9.0,9,22.2,2,22.2,0,Ethniko Stadio Kerkyras,3000,+-0,Dimitrios Eleftheropoulos,https://www.transfermarkt.co.uk/aok-kerkyra/startseite/verein/5219
1506,kardemir-karabukspor,Kardemir Karabukspor,TR1,653.0,25,21.3,0,,0,Dr. Necmettin Şeyhoğlu,12400,+-0,Erkan Sözeri,https://www.transfermarkt.co.uk/kardemir-karabukspor/startseite/verein/1506
2944,ankaraspor,Ankaraspor,TR1,4.19,39,24.4,4,10.3,1,Osmanlı Stadı,19626,+-0,Bülent Uygun,https://www.transfermarkt.co.uk/ankaraspor/startseite/verein/2944
2760,partick-thistle-fc,Partick Thistle Fc,SC1,3.11,19,26.3,2,10.5,0,The Energy Check Stadium at Firhill,10102,+-0,Alan Archibald,https://www.transfermarkt.co.uk/partick-thistle-fc/startseite/verein/2760
22110,fc-helsingor,Fc Helsingor,DK1,3.56,22,26.2,5,22.7,2,Helsingør Ny Stadion,4000,+-0,Christian Lönstrup,https://www.transfermarkt.co.uk/fc-helsingor/startseite/verein/22110
42,hannover-96,Hannover 96,L1,18.81,29,25.4,10,34.5,6,HDI-Arena,49000,£-45Th.,André Breitenreiter,https://www.transfermarkt.co.uk/hannover-96/startseite/verein/42
1162,sm-caen,Sm Caen,FR1,17.96,32,23.8,11,34.4,3,Stade Michel-d'Ornano,20500,+-0,Fabien Mercadal,https://www.transfermarkt.co.uk/sm-caen/startseite/verein/1162
855,ea-guingamp,Ea Guingamp,FR1,15.98,28,24.2,9,32.1,4,Stade du Roudourou,18120,£-45Th.,Antoine Kombouaré,https://www.transfermarkt.co.uk/ea-guingamp/startseite/verein/855
603,cardiff-city,Cardiff City,GB1,36.77,25,26.2,21,84.0,7,Cardiff City Stadium,33280,+£900Th.,Neil Warnock,https://www.transfermarkt.co.uk/cardiff-city/startseite/verein/603
1110,huddersfield-town,Huddersfield Town,GB1,30.69,28,25.4,8,28.6,2,John Smith's Stadium,24500,+-0,David Wagner,https://www.transfermarkt.co.uk/huddersfield-town/startseite/verein/1110
3349,cd-feirense,Cd Feirense,PO1,5.33,27,25.3,14,51.9,2,Estádio Marcolino de Castro,5401,+£1.08m,Nuno Manta Santos,https://www.transfermarkt.co.uk/cd-feirense/startseite/verein/3349
3325,gd-chaves,Gd Chaves,PO1,3.17,24,27.5,12,50.0,2,Estádio Municipal Eng.º Manuel Branco Teixeira,9000,+-0,Daniel Ramos,https://www.transfermarkt.co.uk/gd-chaves/startseite/verein/3325
12321,fc-girona,Fc Girona,ES1,18.81,22,27.1,10,45.5,1,Municipal de Montilivi,11286,+£630Th.,Eusebio,https://www.transfermarkt.co.uk/fc-girona/startseite/verein/12321
642,de-graafschap-doetinchem,De Graafschap Doetinchem,NL1,5.11,20,24.4,0,,0,De Vijverberg,12600,+-0,Henk de Jong,https://www.transfermarkt.co.uk/de-graafschap-doetinchem/startseite/verein/642
798,sbv-excelsior-rotterdam,Sbv Excelsior Rotterdam,NL1,3.06,14,22.4,3,21.4,0,Van Donge & De Roo Stadion - Woudestein,4400,+-0,Adrie Poldervaart,https://www.transfermarkt.co.uk/sbv-excelsior-rotterdam/startseite/verein/798
132,nac-breda,Nac Breda,NL1,5.85,22,24.3,7,31.8,3,Rat Verlegh Stadion,19000,+-0,Jo Jansen,https://www.transfermarkt.co.uk/nac-breda/startseite/verein/132
498,ksc-lokeren,Ksc Lokeren,BE1,,0,0.0,0,,0,Daknamstadion,12000,+-0,Peter Maes,https://www.transfermarkt.co.uk/ksc-lokeren/startseite/verein/498
4,1-fc-nurnberg,1 Fc Nurnberg,L1,21.98,28,25.2,5,17.9,1,Max-Morlock-Stadion,50000,+-0,Michael Köllner,https://www.transfermarkt.co.uk/1-fc-nurnberg/startseite/verein/4
2700,anzhi-makhachkala,Anzhi Makhachkala,RU1,2.7,32,21.4,0,,0,RDYuSSh MinObrNauki RD Politekh Makhachkala,0,+-0,Magomed Adiev,https://www.transfermarkt.co.uk/anzhi-makhachkala/startseite/verein/2700
3714,enisey-krasnoyarsk,Enisey Krasnoyarsk,RU1,6.66,29,26.4,1,3.4,1,Zentralstadion Krasnoyarsk,15000,+£900,Dmitri Alenichev,https://www.transfermarkt.co.uk/enisey-krasnoyarsk/startseite/verein/3714
2672,apo-levadiakos,Apo Levadiakos,GR1,4.05,23,25.3,11,47.8,1,Stadio Livadias,5915,+-0,Apostolos Mantzios,https://www.transfermarkt.co.uk/apo-levadiakos/startseite/verein/2672
8970,frosinone-calcio,Frosinone Calcio,IT1,10.24,26,26.3,7,26.9,2,Benito Stirpe,16227,+-0,Moreno Longo,https://www.transfermarkt.co.uk/frosinone-calcio/startseite/verein/8970
862,chievo-verona,Chievo Verona,IT1,14.06,32,24.7,15,46.9,3,Marcantonio Bentegodi,31045,+£90Th.,Lorenzo D'Anna,https://www.transfermarkt.co.uk/chievo-verona/startseite/verein/862
9007,arsenal-kiew,Arsenal Kiew,UKR1,,0,0.0,0,,0,NSK Olimpisky,70050,+-0,Fabrizio Ravanelli,https://www.transfermarkt.co.uk/arsenal-kiew/startseite/verein/9007
19771,akhisarspor,Akhisarspor,TR1,1.62,32,23.6,8,25.0,0,Spor Toto Akhisar Stadyumu,12139,+-0,Safet Susic,https://www.transfermarkt.co.uk/akhisarspor/startseite/verein/19771
20,bursaspor,Bursaspor,TR1,8.87,28,21.8,1,3.6,0,Bursa Büyükşehir Belediye Stadyumu,43331,+-0,Samet Aybaba,https://www.transfermarkt.co.uk/bursaspor/startseite/verein/20
19657,vendsyssel-ff,Vendsyssel Ff,DK1,2.61,17,25.4,6,35.3,1,Nord Energi Arena,10000,+-0,Jens Berthel Askou,https://www.transfermarkt.co.uk/vendsyssel-ff/startseite/verein/19657
38,fortuna-dusseldorf,Fortuna Dusseldorf,L1,24.14,27,25.7,8,29.6,2,MERKUR SPIEL-ARENA,54600,£-1.10m,Friedhelm Funkel,https://www.transfermarkt.co.uk/fortuna-dusseldorf/startseite/verein/38
1416,amiens-sc,Amiens Sc,FR1,18.09,29,24.1,17,58.6,9,Stade de la Licorne,12999,+£5.40m,Luka Elsner,https://www.transfermarkt.co.uk/amiens-sc/startseite/verein/1416
415,fc-toulouse,Fc Toulouse,FR1,30.11,25,23.5,12,48.0,3,Stadium Municipal,33150,+£2.07m,Alain Casanova,https://www.transfermarkt.co.uk/fc-toulouse/startseite/verein/415
3336,desportivo-aves,Desportivo Aves,PO1,180.0,1,26.5,1,100.0,0,Estádio CD das Aves,5441,+-0,Augusto Inácio,https://www.transfermarkt.co.uk/desportivo-aves/startseite/verein/3336
1085,vitoria-setubal-fc,Vitoria Setubal Fc,PO1,3.2,31,24.0,6,19.4,3,Estádio do Bonfim,18642,+-0,Sandro Mendes,https://www.transfermarkt.co.uk/vitoria-setubal-fc/startseite/verein/1085
989,afc-bournemouth,Afc Bournemouth,GB1,108.54,22,24.8,11,50.0,6,Vitality Stadium,11329,+-0,Eddie Howe,https://www.transfermarkt.co.uk/afc-bournemouth/startseite/verein/989
1244,cd-leganes,Cd Leganes,ES1,22.73,22,26.7,7,31.8,2,Municipal de Butarque,12454,+-0,Mauricio Pellegrino,https://www.transfermarkt.co.uk/cd-leganes/startseite/verein/1244
127,sc-paderborn-07,Sc Paderborn 07,L1,13.75,31,24.8,5,16.1,1,Benteler-Arena,15000,+£2.07m,Steffen Baumgart,https://www.transfermarkt.co.uk/sc-paderborn-07/startseite/verein/127
14589,fk-orenburg,Fk Orenburg,RU1,7.72,24,25.7,5,20.8,1,Gazovik,7500,+£176Th.,Vladimir Fedotov,https://www.transfermarkt.co.uk/fk-orenburg/startseite/verein/14589
2477,karpaty-lviv,Karpaty Lviv,UKR1,,0,0.0,0,,0,Stadion Ukraina,28051,+-0,Oleksandr Chyzhevskyi,https://www.transfermarkt.co.uk/karpaty-lviv/startseite/verein/2477
5818,hobro-ik,Hobro Ik,DK1,3.78,26,24.1,4,15.4,1,DS Arena,7500,+£241Th.,Peter Sörensen,https://www.transfermarkt.co.uk/hobro-ik/startseite/verein/5818
3426,esbjerg-fb,Esbjerg Fb,DK1,4.66,28,22.4,10,35.7,3,Blue Water Arena,16942,+-0,John Lammers,https://www.transfermarkt.co.uk/esbjerg-fb/startseite/verein/3426
169,panionios-athen,Panionios Athen,GR1,585.0,27,21.5,3,11.1,0,Stadio Neas Smyrnis,11700,+-0,Apostolos Mantzios,https://www.transfermarkt.co.uk/panionios-athen/startseite/verein/169
128,ao-xanthi,Ao Xanthi,GR1,5.81,37,25.9,5,13.5,0,Xanthi Arena,7361,+-0,Kiko Ramírez,https://www.transfermarkt.co.uk/ao-xanthi/startseite/verein/128
1005,us-lecce,Us Lecce,IT1,21.38,29,25.8,14,48.3,2,Ettore Giardiniero,31559,£-675Th.,Fabio Liverani,https://www.transfermarkt.co.uk/us-lecce/startseite/verein/1005
19,brescia-calcio,Brescia Calcio,IT1,30.24,27,24.5,15,55.6,4,Mario Rigamonti,19550,+£11.61m,Eugenio Corini,https://www.transfermarkt.co.uk/brescia-calcio/startseite/verein/19
2722,spal,Spal,IT1,17.84,23,23.4,8,34.8,1,Paolo Mazza,16134,+£5.85m,Leonardo Semplici,https://www.transfermarkt.co.uk/spal/startseite/verein/2722
86,sv-werder-bremen,Sv Werder Bremen,L1,73.24,33,24.4,13,39.4,7,Wohninvest-Weserstadion,42100,+£9.72m,Florian Kohfeldt,https://www.transfermarkt.co.uk/sv-werder-bremen/startseite/verein/86
984,west-bromwich-albion,West Bromwich Albion,GB1,80.78,20,27.4,9,45.0,5,The Hawthorns,26850,+£972Th.,Slaven Bilic,https://www.transfermarkt.co.uk/west-bromwich-albion/startseite/verein/984
350,sheffield-united,Sheffield United,GB1,113.04,27,26.6,13,48.1,8,Bramall Lane,32702,+-0,Chris Wilder,https://www.transfermarkt.co.uk/sheffield-united/startseite/verein/350
1160,nimes-olympique,Nimes Olympique,FR1,35.15,23,24.4,11,47.8,8,Stade des Costières,18364,+£5.67m,Jérôme Arpinon,https://www.transfermarkt.co.uk/nimes-olympique/startseite/verein/1160
982,cd-nacional,Cd Nacional,PO1,8.26,30,27.2,16,53.3,3,Estádio da Madeira,5586,+£540Th.,Luís Freire,https://www.transfermarkt.co.uk/cd-nacional/startseite/verein/982
41201,pfk-tambov,Pfk Tambov,RU1,,0,0.0,0,,0,Mordovia Arena,44149,+-0,Sergey Pervushin,https://www.transfermarkt.co.uk/pfk-tambov/startseite/verein/41201
3609,rotor-volgograd,Rotor Volgograd,RU1,8.96,25,25.2,3,12.0,1,Volgograd Arena,45568,£-54Th.,Aleksandr Khatskevich,https://www.transfermarkt.co.uk/rotor-volgograd/startseite/verein/3609
2969,dijon-fco,Dijon Fco,FR1,41.31,31,25.4,16,51.6,6,Stade Gaston-Gérard,16098,+-0,Stéphane Jobard,https://www.transfermarkt.co.uk/dijon-fco/startseite/verein/2969
4294,sc-farense,Sc Farense,PO1,11.27,26,25.4,16,61.5,3,Estádio São Luís,15000,+-0,Sérgio Vieira,https://www.transfermarkt.co.uk/sc-farense/startseite/verein/4294
2425,rio-ave-fc,Rio Ave Fc,PO1,13.61,29,27.4,15,51.7,3,Estádio dos Arcos,9065,+£1.08m,Carlos Carvalhal,https://www.transfermarkt.co.uk/rio-ave-fc/startseite/verein/2425
5358,sd-huesca,Sd Huesca,ES1,27.0,20,27.4,5,25.0,1,El Alcoraz,7800,+-0,Míchel,https://www.transfermarkt.co.uk/sd-huesca/startseite/verein/5358
366,real-valladolid,Real Valladolid,ES1,52.25,35,27.6,9,25.7,4,Estadio Nuevo José Zorrilla,27618,£-1.80m,Sergio,https://www.transfermarkt.co.uk/real-valladolid/startseite/verein/366
1533,sd-eibar,Sd Eibar,ES1,19.26,20,28.4,4,20.0,0,Ipurua,8164,£-990Th.,José Luis Mendilibar,https://www.transfermarkt.co.uk/sd-eibar/startseite/verein/1533
931,fc-fulham,Fc Fulham,GB1,148.55,28,27.5,21,75.0,13,Craven Cottage,19000,£-11.97m,Scott Parker,https://www.transfermarkt.co.uk/fc-fulham/startseite/verein/931
28643,waasland-beveren,Waasland Beveren,BE1,9.2,25,24.7,12,48.0,1,Freethielstadion,13290,+£900Th.,Nicky Hayen,https://www.transfermarkt.co.uk/waasland-beveren/startseite/verein/28643
29228,royal-excel-mouscron,Royal Excel Mouscron,BE1,4.39,21,26.1,14,66.7,3,Le Canonnier,10830,+-0,Fernando Da Cruz,https://www.transfermarkt.co.uk/royal-excel-mouscron/startseite/verein/29228
1426,vvv-venlo,Vvv Venlo,NL1,6.35,20,24.1,6,30.0,1,Covebo Stadion - De Koel,8000,+-0,Hans de Koning,https://www.transfermarkt.co.uk/vvv-venlo/startseite/verein/1426
1283,fc-emmen,Fc Emmen,NL1,7.16,23,23.9,6,26.1,3,De Oude Meerdijk,8309,+£180Th.,Dick Lukkien,https://www.transfermarkt.co.uk/fc-emmen/startseite/verein/1283
1268,ado-den-haag,Ado Den Haag,NL1,3.92,16,25.7,2,12.5,0,Cars Jeans Stadion,15000,+£540Th.,Aleksandar Rankovic,https://www.transfermarkt.co.uk/ado-den-haag/startseite/verein/1268
33,fc-schalke-04,Fc Schalke 04,L1,73.69,31,25.3,17,54.8,8,Veltins-Arena,62271,+£27.86m,David Wagner,https://www.transfermarkt.co.uk/fc-schalke-04/startseite/verein/33
23611,olimpik-donetsk,Olimpik Donetsk,UKR1,428.0,20,27.1,0,,0,NTK Bannikova,1678,+-0,Igor Klymovskyi,https://www.transfermarkt.co.uk/olimpik-donetsk/startseite/verein/23611
2999,hamilton-academical-fc,Hamilton Academical Fc,SC1,5.4,28,23.1,4,14.3,1,Fountain of Youth Stadium,6018,+-0,Brian Rice,https://www.transfermarkt.co.uk/hamilton-academical-fc/startseite/verein/2999
868,mke-ankaragucu,Mke Ankaragucu,TR1,10.91,40,25.6,12,30.0,2,Eryaman Stadyumu,20560,+-0,Fuat Capa,https://www.transfermarkt.co.uk/mke-ankaragucu/startseite/verein/868
820,genclerbirligi-ankara,Genclerbirligi Ankara,TR1,6.44,30,24.5,6,20.0,0,Eryaman Stadyumu,20560,+-0,Mert Nobre,https://www.transfermarkt.co.uk/genclerbirligi-ankara/startseite/verein/820
39722,buyuksehir-belediye-erzurumspor,Buyuksehir Belediye Erzurumspor,TR1,4.01,18,27.7,5,27.8,2,Erzurum Kazım Karabekir,23700,+-0,Mehmet Özdilek,https://www.transfermarkt.co.uk/buyuksehir-belediye-erzurumspor/startseite/verein/39722
833,denizlispor,Denizlispor,TR1,2.0,14,22.2,1,7.1,0,Denizli Atatürk Stadı,18745,+-0,Robert Prosinecki,https://www.transfermarkt.co.uk/denizlispor/startseite/verein/833
4083,fc-crotone,Fc Crotone,IT1,25.58,26,24.7,12,46.2,5,Ezio Scida,16640,£-1.13m,Giovanni Stroppa,https://www.transfermarkt.co.uk/fc-crotone/startseite/verein/4083
4171,benevento-calcio,Benevento Calcio,IT1,23.78,32,25.7,12,37.5,5,Ciro Vigorito,16867,+£720Th.,Filippo Inzaghi,https://www.transfermarkt.co.uk/benevento-calcio/startseite/verein/4171
4603,ae-larisa,Ae Larisa,GR1,6.26,35,24.4,8,22.9,2,Stadio Alkazar,13108,+£95Th.,Michalis Grigoriou,https://www.transfermarkt.co.uk/ae-larisa/startseite/verein/4603
130,parma-calcio-1913,Parma Calcio 1913,IT1,92.3,39,26.1,24,61.5,7,Ennio Tardini,22352,£-24.39m,Roberto D'Aversa,https://www.transfermarkt.co.uk/parma-calcio-1913/startseite/verein/130
2553,kilmarnock-fc,Kilmarnock Fc,SC1,4.88,22,26.8,8,36.4,0,"BBSP Stadium, Rugby Park",18128,+-0,Alex Dyer,https://www.transfermarkt.co.uk/kilmarnock-fc/startseite/verein/2553
369,lyngby-bk,Lyngby Bk,DK1,5.06,26,24.4,3,11.5,1,Lyngby Stadion,10000,+£1.08m,Christian Nielsen,https://www.transfermarkt.co.uk/lyngby-bk/startseite/verein/369
2414,ac-horsens,Ac Horsens,DK1,4.55,21,24.8,4,19.0,1,Casa Arena Horsens,10400,+-0,Bo Henriksen,https://www.transfermarkt.co.uk/ac-horsens/startseite/verein/2414
2282,fc-brugge,Fc Brugge,BE1,148.73,30,24.3,18,60.0,10,Jan-Breydel-Stadion,29062,£-16.80m,Alfred Schreuder,https://www.transfermarkt.co.uk/fc-brugge/startseite/verein/2282
6912,fc-vizela,Fc Vizela,PO1,11.21,24,27.2,14,58.3,0,Estádio do Vizela,6565,+£118Th.,Álvaro Pacheco,https://www.transfermarkt.co.uk/fc-vizela/startseite/verein/6912
1245,kas-eupen,Kas Eupen,BE1,16.04,27,25.5,18,66.7,5,Kehrweg-Stadion,8331,+-0,Stefan Krämer,https://www.transfermarkt.co.uk/kas-eupen/startseite/verein/1245
11127,ural-ekaterinburg,Ural Ekaterinburg,RU1,17.21,27,26.6,8,29.6,3,Ekaterinburg Arena,27000,+£99Th.,Igor Shalimov,https://www.transfermarkt.co.uk/ural-ekaterinburg/startseite/verein/11127
49702,fk-nizhny-novgorod,Fk Nizhny Novgorod,RU1,12.06,20,27.0,6,30.0,3,Nizhny Novgorod Stadium,43319,£-357Th.,Aleksandr Kerzhakov,https://www.transfermarkt.co.uk/fk-nizhny-novgorod/startseite/verein/49702
583,fc-paris-saint-germain,Fc Paris Saint Germain,FR1,824.13,36,26.1,24,66.7,18,Parc des Princes,49691,£-64.80m,Mauricio Pochettino,https://www.transfermarkt.co.uk/fc-paris-saint-germain/startseite/verein/583
235,rkc-waalwijk,Rkc Waalwijk,NL1,9.27,27,25.6,15,55.6,4,Mandemakers Stadion,7508,+£180Th.,Joseph Oosting,https://www.transfermarkt.co.uk/rkc-waalwijk/startseite/verein/235
1435,go-ahead-eagles-deventer,Go Ahead Eagles Deventer,NL1,9.02,29,24.4,13,44.8,3,De Adelaarshorst,9909,+£1.71m,Kees van Wonderen,https://www.transfermarkt.co.uk/go-ahead-eagles-deventer/startseite/verein/1435
61825,fk-minaj,Fk Minaj,UKR1,4.37,24,25.1,2,8.3,1,Avangard,12000,+£180Th.,Mykhaylo Starostyak,https://www.transfermarkt.co.uk/fk-minaj/startseite/verein/61825
26459,nk-veres-rivne,Nk Veres Rivne,UKR1,4.77,20,27.9,1,5.0,1,Avangard,12080,+-0,Yuriy Virt,https://www.transfermarkt.co.uk/nk-veres-rivne/startseite/verein/26459
49364,ingulets-petrove,Ingulets Petrove,UKR1,5.36,24,28.0,5,20.8,1,Stadion Zirka im. Stanislava Berezkina,13305,+-0,Sergiy Lavrynenko,https://www.transfermarkt.co.uk/ingulets-petrove/startseite/verein/49364
2715,rfc-seraing,Rfc Seraing,BE1,10.17,28,24.0,16,57.1,5,Stade du Paray,6744,+-0,Jean-Louis Garcia,https://www.transfermarkt.co.uk/rfc-seraing/startseite/verein/2715
6418,panetolikos-gfs,Panetolikos Gfs,GR1,7.38,27,26.7,14,51.9,2,Gipedo Panetolikou,5230,+£540Th.,Giannis Anastasiou,https://www.transfermarkt.co.uk/panetolikos-gfs/startseite/verein/6418
1531,fc-elche,Fc Elche,ES1,40.68,25,30.0,10,40.0,2,Manuel Martínez Valero,33732,£-6.48m,Francisco Rodríguez,https://www.transfermarkt.co.uk/fc-elche/startseite/verein/1531
3522,spezia-calcio,Spezia Calcio,IT1,63.0,31,23.7,22,71.0,9,Alberto Picco,10336,£-16.74m,Thiago Motta,https://www.transfermarkt.co.uk/spezia-calcio/startseite/verein/3522
475,vv-st-truiden,Vv St Truiden,BE1,17.62,29,25.6,18,62.1,5,Stayen,14600,+£4.32m,Bernd Hollerbach,https://www.transfermarkt.co.uk/vv-st-truiden/startseite/verein/475
380,us-salernitana-1919,Us Salernitana 1919,IT1,28.98,30,27.3,16,53.3,6,Arechi,31300,£-2.97m,Stefano Colantuono,https://www.transfermarkt.co.uk/us-salernitana-1919/startseite/verein/380
10484,kasimpasa,Kasimpasa,TR1,19.62,26,27.3,15,57.7,4,Recep Tayyip Erdoğan Stadyumu,13856,+-0,Özgür Öcal,https://www.transfermarkt.co.uk/kasimpasa/startseite/verein/10484
2381,sivasspor,Sivasspor,TR1,25.45,28,29.3,13,46.4,4,Yeni 4 Eylül Stadı,27532,£-900Th.,Riza Calimbay,https://www.transfermarkt.co.uk/sivasspor/startseite/verein/2381
7775,hatayspor,Hatayspor,TR1,27.29,25,27.1,13,52.0,9,Yeni Hatay Stadyumu,25000,+£3.33m,Ömer Erdogan,https://www.transfermarkt.co.uk/hatayspor/startseite/verein/7775
2832,gaziantep-fk,Gaziantep Fk,TR1,27.88,31,27.2,15,48.4,5,Kalyon Stadyumu,33502,£-1.22m,Erol Bulut,https://www.transfermarkt.co.uk/gaziantep-fk/startseite/verein/2832
6646,fatih-karagumruk,Fatih Karagumruk,TR1,28.31,33,27.1,16,48.5,3,Atatürk Olimpiyat,74753,+£2.70m,Volkan Demirel,https://www.transfermarkt.co.uk/fatih-karagumruk/startseite/verein/6646
2293,konyaspor,Konyaspor,TR1,30.58,27,27.9,13,48.1,10,Medaş Konya Büyükşehir Stadyumu,42000,£-1.42m,Ilhan Palut,https://www.transfermarkt.co.uk/konyaspor/startseite/verein/2293
3205,kayserispor,Kayserispor,TR1,25.43,28,27.8,16,57.1,3,Büyükşehir Belediyesi Kadir Has,32864,+£1.30m,Hikmet Karaman,https://www.transfermarkt.co.uk/kayserispor/startseite/verein/3205
589,antalyaspor,Antalyaspor,TR1,26.19,31,26.8,14,45.2,3,Antalya Stadyumu,32537,+£329Th.,Nuri Sahin,https://www.transfermarkt.co.uk/antalyaspor/startseite/verein/589
11688,giresunspor,Giresunspor,TR1,20.7,28,26.6,14,50.0,4,Çotanak Spor Kompleksi,21500,£-90Th.,Hakan Keles,https://www.transfermarkt.co.uk/giresunspor/startseite/verein/11688
19789,yeni-malatyaspor,Yeni Malatyaspor,TR1,21.04,28,25.2,12,42.9,4,Yeni Malatya Stadyumu,25745,£-2.25m,Marius Sumudica,https://www.transfermarkt.co.uk/yeni-malatyaspor/startseite/verein/19789
141,galatasaray-istanbul,Galatasaray Istanbul,TR1,97.54,32,26.8,15,46.9,18,Ali Sami Yen Spor Kompleksi NEF Stadyumu,52223,£-22.32m,Fatih Terim,https://www.transfermarkt.co.uk/galatasaray-istanbul/startseite/verein/141
6890,istanbul-basaksehir-fk,Istanbul Basaksehir Fk,TR1,39.42,29,27.8,13,44.8,6,Başakşehir Fatih Terim,17156,+£3.24m,Emre Belözoglu,https://www.transfermarkt.co.uk/istanbul-basaksehir-fk/startseite/verein/6890
449,trabzonspor,Trabzonspor,TR1,91.87,29,27.0,13,44.8,11,Şenol Güneş Spor Kompleksi,40782,£-7.76m,Abdullah Avci,https://www.transfermarkt.co.uk/trabzonspor/startseite/verein/449
114,besiktas-istanbul,Besiktas Istanbul,TR1,100.33,32,28.0,18,56.3,13,Vodafone Park,42590,£-6.35m,Hakan Caliskan,https://www.transfermarkt.co.uk/besiktas-istanbul/startseite/verein/114
607,venezia-fc,Venezia Fc,IT1,74.09,35,26.5,21,60.0,10,Pier Luigi Penzo,11150,£-18.80m,Paolo Zanetti,https://www.transfermarkt.co.uk/venezia-fc/startseite/verein/607
36,fenerbahce-istanbul,Fenerbahce Istanbul,TR1,117.92,33,25.4,18,54.5,12,Ülker Stadyumu FB Şükrü Saraçoğlu Spor Kompleksi,47834,£-9.71m,Zeki Murat Göle,https://www.transfermarkt.co.uk/fenerbahce-istanbul/startseite/verein/36
1038,sampdoria-genua,Sampdoria Genua,IT1,88.83,25,27.3,11,44.0,6,Luigi Ferraris,36348,£-6.75m,Roberto D'Aversa,https://www.transfermarkt.co.uk/sampdoria-genua/startseite/verein/1038
410,udinese-calcio,Udinese Calcio,IT1,91.4,25,27.5,21,84.0,3,Dacia Arena,25144,+£52.49m,Gabriele Cioffi,https://www.transfermarkt.co.uk/udinese-calcio/startseite/verein/410
276,hellas-verona,Hellas Verona,IT1,109.13,27,26.9,14,51.9,5,Marcantonio Bentegodi,39211,+£3.78m,Igor Tudor,https://www.transfermarkt.co.uk/hellas-verona/startseite/verein/276
126,caykur-rizespor,Caykur Rizespor,TR1,16.36,29,27.2,14,48.3,5,Çaykur Didi,15332,+-0,Hamza Hamzaoglu,https://www.transfermarkt.co.uk/caykur-rizespor/startseite/verein/126
1025,fc-bologna,Fc Bologna,IT1,130.91,30,26.1,20,66.7,10,Stadio Renato Dall’Ara,36462,£-7.03m,Sinisa Mihajlovic,https://www.transfermarkt.co.uk/fc-bologna/startseite/verein/1025
416,fc-turin,Fc Turin,IT1,171.88,30,26.3,20,66.7,15,Stadio Grande Torino,27994,+£5.49m,Ivan Juric,https://www.transfermarkt.co.uk/fc-turin/startseite/verein/416
6574,us-sassuolo,Us Sassuolo,IT1,201.87,28,27.3,16,57.1,12,Mapei Stadium - Città del Tricolore,21584,£-5.40m,Alessio Dionisi,https://www.transfermarkt.co.uk/us-sassuolo/startseite/verein/6574
398,lazio-rom,Lazio Rom,IT1,245.57,32,27.7,25,78.1,12,Olimpico di Roma,73261,£-4.82m,Maurizio Sarri,https://www.transfermarkt.co.uk/lazio-rom/startseite/verein/398
430,ac-florenz,Ac Florenz,IT1,261.63,28,26.8,17,60.7,13,Artemio Franchi,47282,£-20.12m,Vincenzo Italiano,https://www.transfermarkt.co.uk/ac-florenz/startseite/verein/430
2375,altay-sk,Altay Sk,TR1,14.69,29,28.5,13,44.8,4,Alsancak Mustafa Denizli Stadı,15000,£-2.35m,Mustafa Denizli,https://www.transfermarkt.co.uk/altay-sk/startseite/verein/2375
800,atalanta-bergamo,Atalanta Bergamo,IT1,353.79,25,27.6,16,64.0,17,Gewiss Stadium,22512,£-24.39m,Gian Piero Gasperini,https://www.transfermarkt.co.uk/atalanta-bergamo/startseite/verein/800
252,genua-cfc,Genua Cfc,IT1,85.28,36,27.5,18,50.0,8,Luigi Ferraris,36599,£-4.32m,Andriy Shevchenko,https://www.transfermarkt.co.uk/genua-cfc/startseite/verein/252
749,fc-empoli,Fc Empoli,IT1,85.05,28,25.4,10,35.7,5,Carlo Castellani,19847,+£14.49m,Aurelio Andreazzoli,https://www.transfermarkt.co.uk/fc-empoli/startseite/verein/749
1467,goztepe,Goztepe,TR1,24.68,29,25.1,10,34.5,5,Gürsel Aksel Stadyumu,19713,£-1.49m,Nestor El Maestro,https://www.transfermarkt.co.uk/goztepe/startseite/verein/1467
6195,ssc-neapel,Ssc Neapel,IT1,448.38,25,27.7,17,68.0,16,Stadio Diego Armando Maradona,54726,£-14.94m,Luciano Spalletti,https://www.transfermarkt.co.uk/ssc-neapel/startseite/verein/6195
1390,cagliari-calcio,Cagliari Calcio,IT1,118.62,29,27.0,15,51.7,7,Unipol Domus,16416,£-5.67m,Walter Mazzarri,https://www.transfermarkt.co.uk/cagliari-calcio/startseite/verein/1390
12,as-rom,As Rom,IT1,352.94,31,25.2,20,64.5,18,Olimpico di Roma,73261,£-100.11m,José Mourinho,https://www.transfermarkt.co.uk/as-rom/startseite/verein/12
46,inter-mailand,Inter Mailand,IT1,472.05,26,29.4,17,65.4,17,Giuseppe Meazza,75923,+£144.95m,Simone Inzaghi,https://www.transfermarkt.co.uk/inter-mailand/startseite/verein/46
60949,volos-nps,Volos Nps,GR1,7.47,24,26.8,17,70.8,1,Panthessaliko Stadio,22700,+£1.35m,Konstantinos Bratsos,https://www.transfermarkt.co.uk/volos-nps/startseite/verein/60949
11282,alanyaspor,Alanyaspor,TR1,36.56,29,27.2,14,48.3,4,Bahçeşehir Okulları Stadyumu,10128,+£4.42m,Francesco Farioli,https://www.transfermarkt.co.uk/alanyaspor/startseite/verein/11282
5,ac-mailand,Ac Mailand,IT1,426.69,29,26.9,19,65.5,17,Giuseppe Meazza,75923,£-63.09m,Stefano Pioli,https://www.transfermarkt.co.uk/ac-mailand/startseite/verein/5
3840,adana-demirspor,Adana Demirspor,TR1,32.49,27,27.5,14,51.9,5,Yeni Adana Stadyumu,33000,£-1.71m,Vincenzo Montella,https://www.transfermarkt.co.uk/adana-demirspor/startseite/verein/3840
653,ofi-kreta,Ofi Kreta,GR1,11.88,31,27.1,14,45.2,3,Gipedo Theodoros Vardinogiannis,9088,+£585Th.,Nikolaos Nioplias,https://www.transfermarkt.co.uk/ofi-kreta/startseite/verein/653
3060,atromitos-athen,Atromitos Athen,GR1,9.41,27,26.2,8,29.6,1,Stadio Peristeriou,9050,+-0,Nikolaos Lazaridis,https://www.transfermarkt.co.uk/atromitos-athen/startseite/verein/3060
265,panathinaikos-athen,Panathinaikos Athen,GR1,29.03,30,27.4,18,60.0,3,Apostolos Nikolaidis,15000,+£180Th.,Ivan Jovanovic,https://www.transfermarkt.co.uk/panathinaikos-athen/startseite/verein/265
2441,aek-athen,Aek Athen,GR1,38.57,29,27.9,20,69.0,13,Olympiako Stadio Athinon,69618,£-1.99m,Argirios Giannikis,https://www.transfermarkt.co.uk/aek-athen/startseite/verein/2441
1091,paok-thessaloniki,Paok Thessaloniki,GR1,55.71,30,27.5,23,76.7,9,Toumba Stadium,28703,+£16.65m,Razvan Lucescu,https://www.transfermarkt.co.uk/paok-thessaloniki/startseite/verein/1091
683,olympiakos-piraus,Olympiakos Piraus,GR1,108.72,34,26.6,22,64.7,16,Stadio Georgios Karaiskakis,32115,+£71Th.,Pedro Martins,https://www.transfermarkt.co.uk/olympiakos-piraus/startseite/verein/683
506,juventus-turin,Juventus Turin,IT1,476.46,25,27.6,14,56.0,18,Allianz Stadium,41507,+£2.79m,Massimiliano Allegri,https://www.transfermarkt.co.uk/juventus-turin/startseite/verein/506
1108,deportivo-alaves,Deportivo Alaves,ES1,53.37,26,27.2,7,26.9,3,Mendizorrotza,19840,+£2.12m,José Luis Mendilibar,https://www.transfermarkt.co.uk/deportivo-alaves/startseite/verein/1108
367,rayo-vallecano,Rayo Vallecano,ES1,54.27,26,27.8,13,50.0,4,Campo de Fútbol de Vallecas,15105,£-1.89m,Andoni Iraola,https://www.transfermarkt.co.uk/rayo-vallecano/startseite/verein/367
3999,pas-lamia-1964,Pas Lamia 1964,GR1,7.52,30,27.8,10,33.3,2,"Stadio Lamia ""Athanasios Diakos""",5500,+-0,Michalis Grigoriou,https://www.transfermarkt.co.uk/pas-lamia-1964/startseite/verein/3999
2671,pas-giannina,Pas Giannina,GR1,7.65,28,26.2,12,42.9,3,Stadio Zosimades,7652,£-45Th.,Iraklis Metaxas,https://www.transfermarkt.co.uk/pas-giannina/startseite/verein/2671
3368,ud-levante,Ud Levante,ES1,74.79,27,28.3,7,25.9,3,Ciutat de València,25354,£-1.13m,Alessio Lisci,https://www.transfermarkt.co.uk/ud-levante/startseite/verein/3368
6676,asteras-tripolis,Asteras Tripolis,GR1,7.88,37,24.2,21,56.8,0,Gipedo Theodoros Kolokotronis,7423,+£990Th.,Milan Rastavac,https://www.transfermarkt.co.uk/asteras-tripolis/startseite/verein/6676
714,espanyol-barcelona,Espanyol Barcelona,ES1,94.5,25,27.6,5,20.0,6,RCDE Stadium,40500,£-4.95m,Vicente Moreno,https://www.transfermarkt.co.uk/espanyol-barcelona/startseite/verein/714
441,apollon-smyrnis,Apollon Smyrnis,GR1,7.38,29,29.2,18,62.1,2,"Gipedo Rizoupolis ""Georgios Kamaras""",14200,+-0,Gianluca Festa,https://www.transfermarkt.co.uk/apollon-smyrnis/startseite/verein/441
237,rcd-mallorca,Rcd Mallorca,ES1,59.04,26,27.3,10,38.5,6,Son Moix,20500,£-450Th.,Luis García,https://www.transfermarkt.co.uk/rcd-mallorca/startseite/verein/237
553,ionikos-nikeas,Ionikos Nikeas,GR1,7.43,28,28.1,13,46.4,2,Dimotiko Gipedo Neapolis,5500,+-0,Dimitrios Spanos,https://www.transfermarkt.co.uk/ionikos-nikeas/startseite/verein/553
2687,fc-cadiz,Fc Cadiz,ES1,45.45,28,28.0,11,39.3,7,Nuevo Mirandilla,21094,£-5.94m,Álvaro Cervera,https://www.transfermarkt.co.uk/fc-cadiz/startseite/verein/2687
621,athletic-bilbao,Athletic Bilbao,ES1,172.44,25,26.8,0,,2,San Mamés,53289,+-0,Marcelino,https://www.transfermarkt.co.uk/athletic-bilbao/startseite/verein/621
1049,fc-valencia,Fc Valencia,ES1,236.25,26,25.8,17,65.4,13,Mestalla,48600,£-10.85m,Pepe Bordalás,https://www.transfermarkt.co.uk/fc-valencia/startseite/verein/1049
3709,fc-getafe,Fc Getafe,ES1,114.66,25,27.4,13,52.0,8,Coliseum Alfonso Pérez,16800,+£4.95m,Quique Sánchez Flores,https://www.transfermarkt.co.uk/fc-getafe/startseite/verein/3709
331,ca-osasuna,Ca Osasuna,ES1,82.71,27,28.0,4,14.8,1,El Sadar,23576,£-7.83m,Jagoba Arrasate,https://www.transfermarkt.co.uk/ca-osasuna/startseite/verein/331
150,real-betis-sevilla,Real Betis Sevilla,ES1,208.89,28,28.8,11,39.3,9,Benito Villamarín,59378,+£9.45m,Manuel Pellegrini,https://www.transfermarkt.co.uk/real-betis-sevilla/startseite/verein/150
131,fc-barcelona,Fc Barcelona,ES1,573.75,30,25.6,16,53.3,21,Camp Nou,99354,£-9.00m,Xavi,https://www.transfermarkt.co.uk/fc-barcelona/startseite/verein/131
1050,fc-villarreal,Fc Villarreal,ES1,310.41,26,28.4,11,42.3,12,La Cerámica,23500,£-41.63m,Unai Emery,https://www.transfermarkt.co.uk/fc-villarreal/startseite/verein/1050
1063,viborg-ff,Viborg Ff,DK1,6.71,25,24.3,9,36.0,1,Viborg Stadion,9566,+£847Th.,Lars Friis,https://www.transfermarkt.co.uk/viborg-ff/startseite/verein/1063
13,atletico-madrid,Atletico Madrid,ES1,584.37,22,28.4,19,86.4,19,Wanda Metropolitano,68456,£-47.03m,Diego Simeone,https://www.transfermarkt.co.uk/atletico-madrid/startseite/verein/13
16795,fc-granada,Fc Granada,ES1,73.89,27,28.2,11,40.7,4,Nuevo Los Cármenes,19336,£-1.35m,Robert Moreno,https://www.transfermarkt.co.uk/fc-granada/startseite/verein/16795
443,vejle-boldklub,Vejle Boldklub,DK1,9.68,32,24.0,25,78.1,4,Vejle Stadion,10418,+£3.02m,Peter Sörensen,https://www.transfermarkt.co.uk/vejle-boldklub/startseite/verein/443
173,odense-boldklub,Odense Boldklub,DK1,9.86,28,25.0,11,39.3,2,Nature Energy Park,15790,+£2.70m,Andreas Alm,https://www.transfermarkt.co.uk/odense-boldklub/startseite/verein/173
418,real-madrid,Real Madrid,ES1,702.0,26,27.7,18,69.2,13,Santiago Bernabéu,81044,+£42.30m,Carlo Ancelotti,https://www.transfermarkt.co.uk/real-madrid/startseite/verein/418
1053,aalborg-bk,Aalborg Bk,DK1,12.92,24,25.4,9,37.5,3,Aalborg Portland Park,13800,£-450Th.,Martí Cifuentes,https://www.transfermarkt.co.uk/aalborg-bk/startseite/verein/1053
678,aarhus-gf,Aarhus Gf,DK1,17.1,25,25.2,10,40.0,5,Ceres Park,19433,£-3.74m,David Nielsen,https://www.transfermarkt.co.uk/aarhus-gf/startseite/verein/678
2778,fc-nordsjaelland,Fc Nordsjaelland,DK1,22.37,32,21.3,18,56.3,0,Right to Dream Park,10300,+£14.99m,Flemming Pedersen,https://www.transfermarkt.co.uk/fc-nordsjaelland/startseite/verein/2778
940,celta-vigo,Celta Vigo,ES1,109.08,22,27.9,9,40.9,6,Balaídos,29000,£-6.12m,Eduardo Coudet,https://www.transfermarkt.co.uk/celta-vigo/startseite/verein/940
5724,randers-fc,Randers Fc,DK1,12.42,26,25.0,11,42.3,3,Cepheus Park Randers,10300,+£855Th.,Thomas Thomasberg,https://www.transfermarkt.co.uk/randers-fc/startseite/verein/5724
865,fc-midtjylland,Fc Midtjylland,DK1,38.88,31,23.1,16,51.6,5,MCH Arena,11535,+£13.17m,Bo Henriksen,https://www.transfermarkt.co.uk/fc-midtjylland/startseite/verein/865
681,real-sociedad-san-sebastian,Real Sociedad San Sebastian,ES1,355.5,27,26.4,6,22.2,7,Reale Arena,39500,£-2.25m,Imanol Alguacil,https://www.transfermarkt.co.uk/real-sociedad-san-sebastian/startseite/verein/681
190,fc-kopenhagen,Fc Kopenhagen,DK1,44.42,28,25.5,18,64.3,13,Parken,38065,+£5.97m,Jess Thorup,https://www.transfermarkt.co.uk/fc-kopenhagen/startseite/verein/190
1177,silkeborg-if,Silkeborg If,DK1,8.78,29,23.7,5,17.2,2,JYSK Park,10000,+-0,Kent Nielsen,https://www.transfermarkt.co.uk/silkeborg-if/startseite/verein/1177
206,brondby-if,Brondby If,DK1,27.5,29,24.1,12,41.4,4,Brøndby Stadion,28000,+£3.11m,Niels Frederiksen,https://www.transfermarkt.co.uk/brondby-if/startseite/verein/206
762,newcastle-united,Newcastle United,GB1,201.15,27,28.0,14,51.9,8,St James' Park,52338,£-26.46m,Eddie Howe,https://www.transfermarkt.co.uk/newcastle-united/startseite/verein/762
873,crystal-palace,Crystal Palace,GB1,215.96,26,27.7,14,53.8,7,Selhurst Park,26047,£-66.09m,Patrick Vieira,https://www.transfermarkt.co.uk/crystal-palace/startseite/verein/873
180,fc-southampton,Fc Southampton,GB1,222.08,26,26.7,15,57.7,8,St Mary's Stadium,32384,+£15.54m,Ralph Hasenhüttl,https://www.transfermarkt.co.uk/fc-southampton/startseite/verein/180
1237,brighton-amp-hove-albion,Brighton Amp Hove Albion,GB1,229.59,27,25.8,16,59.3,9,AMEX Stadium,31800,+£6.12m,Graham Potter,https://www.transfermarkt.co.uk/brighton-amp-hove-albion/startseite/verein/1237
605,aris-thessaloniki,Aris Thessaloniki,GR1,21.69,32,28.4,24,75.0,7,"Gipedo ""Kleanthis Vikelidis""",22800,£-2.50m,Apostolos Mantzios,https://www.transfermarkt.co.uk/aris-thessaloniki/startseite/verein/605
399,leeds-united,Leeds United,GB1,239.4,25,24.9,15,60.0,11,Elland Road,37890,£-53.01m,Marcelo Bielsa,https://www.transfermarkt.co.uk/leeds-united/startseite/verein/399
379,west-ham-united,West Ham United,GB1,315.68,24,29.1,16,66.7,12,London Stadium,60000,£-64.35m,David Moyes,https://www.transfermarkt.co.uk/west-ham-united/startseite/verein/379
405,aston-villa,Aston Villa,GB1,379.17,25,25.8,12,48.0,10,Villa Park,42682,+£24.46m,Steven Gerrard,https://www.transfermarkt.co.uk/aston-villa/startseite/verein/405
29,fc-everton,Fc Everton,GB1,390.38,28,27.6,15,53.6,11,Goodison Park,39571,£-21.15m,Rafael Benítez,https://www.transfermarkt.co.uk/fc-everton/startseite/verein/29
5817,sonderjyske,Sonderjyske,DK1,8.64,26,24.4,12,46.2,3,Sydbank Park,10000,+£720Th.,Henrik Hansen,https://www.transfermarkt.co.uk/sonderjyske/startseite/verein/5817
11,fc-arsenal,Fc Arsenal,GB1,505.8,27,25.4,17,63.0,17,Emirates Stadium,60704,£-121.23m,Mikel Arteta,https://www.transfermarkt.co.uk/fc-arsenal/startseite/verein/11
148,tottenham-hotspur,Tottenham Hotspur,GB1,579.65,26,25.6,16,61.5,17,Tottenham Hotspur Stadium,62062,£-30.78m,Antonio Conte,https://www.transfermarkt.co.uk/tottenham-hotspur/startseite/verein/148
31,fc-liverpool,Fc Liverpool,GB1,774.9,27,27.3,19,70.4,17,Anfield,54074,£-11.25m,Jürgen Klopp,https://www.transfermarkt.co.uk/fc-liverpool/startseite/verein/31
985,manchester-united,Manchester United,GB1,778.73,29,28.0,18,62.1,20,Old Trafford,74879,£-98.91m,Ralf Rangnick,https://www.transfermarkt.co.uk/manchester-united/startseite/verein/985
1148,fc-brentford,Fc Brentford,GB1,191.75,32,25.1,27,84.4,12,Brentford Community Stadium,18250,£-32.13m,Thomas Frank,https://www.transfermarkt.co.uk/fc-brentford/startseite/verein/1148
281,manchester-city,Manchester City,GB1,892.89,24,27.2,17,70.8,18,Etihad Stadium,55017,£-30.33m,Pep Guardiola,https://www.transfermarkt.co.uk/manchester-city/startseite/verein/281
18105,pfk-lviv,Pfk Lviv,UKR1,6.39,22,25.8,7,31.8,1,Arena Lviv,34915,+£90Th.,Oleg Dulub,https://www.transfermarkt.co.uk/pfk-lviv/startseite/verein/18105
6993,fk-mariupol,Fk Mariupol,UKR1,6.8,26,22.4,1,3.8,0,Stadion im. Volodymyra Boyko,12680,+-0,Ostap Markevych,https://www.transfermarkt.co.uk/fk-mariupol/startseite/verein/6993
543,wolverhampton-wanderers,Wolverhampton Wanderers,GB1,330.84,26,26.4,23,88.5,14,Molineux Stadium,32050,£-1.26m,Bruno Lage,https://www.transfermarkt.co.uk/wolverhampton-wanderers/startseite/verein/543
48726,rukh-lviv,Rukh Lviv,UKR1,7.11,26,26.2,4,15.4,0,Arena Lviv,34512,+£252Th.,Leonid Kuchuk,https://www.transfermarkt.co.uk/rukh-lviv/startseite/verein/48726
55686,metalist-1925-kharkiv,Metalist 1925 Kharkiv,UKR1,7.83,27,26.8,5,18.5,1,OSK Metalist,40003,+-0,Valeriy Kryventsov,https://www.transfermarkt.co.uk/metalist-1925-kharkiv/startseite/verein/55686
16239,desna-chernigiv,Desna Chernigiv,UKR1,7.92,20,26.9,0,,0,Stadion im. Yuriya Gagarina,12060,+£450Th.,Oleksandr Ryabokon,https://www.transfermarkt.co.uk/desna-chernigiv/startseite/verein/16239
6992,chornomorets-odessa,Chornomorets Odessa,UKR1,7.02,28,23.1,3,10.7,1,Stadion Chornomorets,34164,+-0,Roman Grygorchuk,https://www.transfermarkt.co.uk/chornomorets-odessa/startseite/verein/6992
1132,fc-burnley,Fc Burnley,GB1,117.9,24,30.2,10,41.7,8,Turf Moor,21994,£-20.34m,Sean Dyche,https://www.transfermarkt.co.uk/fc-burnley/startseite/verein/1132
631,fc-chelsea,Fc Chelsea,GB1,790.65,27,27.0,18,66.7,17,Stamford Bridge,40853,+£1.76m,Thomas Tuchel,https://www.transfermarkt.co.uk/fc-chelsea/startseite/verein/631
1003,leicester-city,Leicester City,GB1,464.22,29,27.1,18,62.1,12,King Power Stadium,32273,£-57.24m,Brendan Rodgers,https://www.transfermarkt.co.uk/leicester-city/startseite/verein/1003
60551,sk-dnipro-1,Sk Dnipro 1,UKR1,16.29,21,25.8,6,28.6,1,Dnipro-Arena,31003,£-1.44m,Igor Jovicevic,https://www.transfermarkt.co.uk/sk-dnipro-1/startseite/verein/60551
338,dynamo-kiew,Dynamo Kiew,UKR1,109.26,30,25.7,7,23.3,19,NSK Olimpiyskyi,70050,+£14.96m,Mircea Lucescu,https://www.transfermarkt.co.uk/dynamo-kiew/startseite/verein/338
660,shakhtar-donetsk,Shakhtar Donetsk,UKR1,156.51,28,25.5,12,42.9,14,NSK Olimpiyskyi,70050,£-36.27m,Roberto De Zerbi,https://www.transfermarkt.co.uk/shakhtar-donetsk/startseite/verein/660
368,fc-sevilla,Fc Sevilla,ES1,351.36,27,28.2,19,70.4,12,Ramón Sánchez Pizjuan,43883,£-9.00m,Julen Lopetegui,https://www.transfermarkt.co.uk/fc-sevilla/startseite/verein/368
1010,fc-watford,Fc Watford,GB1,128.07,29,27.9,23,79.3,14,Vicarage Road,21577,£-16.16m,Claudio Ranieri,https://www.transfermarkt.co.uk/fc-watford/startseite/verein/1010
511,dundee-fc,Dundee Fc,SC1,5.81,21,28.2,7,33.3,0,Kilmac Stadium at Dens Park,11850,+-0,James McPake,https://www.transfermarkt.co.uk/dundee-fc/startseite/verein/511
10690,zorya-lugansk,Zorya Lugansk,UKR1,15.21,25,25.9,6,24.0,2,Slavutych Arena,11883,+-0,Viktor Skrypnyk,https://www.transfermarkt.co.uk/zorya-lugansk/startseite/verein/10690
2759,ross-county-fc,Ross County Fc,SC1,6.17,27,23.9,14,51.9,2,Global Energy Stadium,6541,+-0,Malky Mackay,https://www.transfermarkt.co.uk/ross-county-fc/startseite/verein/2759
987,motherwell-fc,Motherwell Fc,SC1,8.26,25,26.5,14,56.0,4,Fir Park,13750,+-0,Graham Alexander,https://www.transfermarkt.co.uk/motherwell-fc/startseite/verein/987
1519,dundee-united-fc,Dundee United Fc,SC1,9.5,32,24.1,11,34.4,2,Tannadice Park,14223,+£747Th.,Tam Courts,https://www.transfermarkt.co.uk/dundee-united-fc/startseite/verein/1519
370,aberdeen-fc,Aberdeen Fc,SC1,11.9,27,27.3,14,51.9,6,Pittodrie Stadium,22199,£-205Th.,Stephen Glass,https://www.transfermarkt.co.uk/aberdeen-fc/startseite/verein/370
18303,fk-oleksandriya,Fk Oleksandriya,UKR1,8.28,26,25.0,4,15.4,1,KSK Nika,7000,+-0,Yuriy Gura,https://www.transfermarkt.co.uk/fk-oleksandriya/startseite/verein/18303
2578,st-johnstone-fc,St Johnstone Fc,SC1,8.84,27,27.6,10,37.0,2,McDiarmid Park,10696,+£1.89m,Callum Davidson,https://www.transfermarkt.co.uk/st-johnstone-fc/startseite/verein/2578
1123,norwich-city,Norwich City,GB1,158.99,28,25.7,20,71.4,14,Carrow Road,27244,£-24.98m,Dean Smith,https://www.transfermarkt.co.uk/norwich-city/startseite/verein/1123
124,glasgow-rangers,Glasgow Rangers,SC1,98.55,30,27.7,23,76.7,14,Ibrox Stadium,50987,+£11.32m,Giovanni van Bronckhorst,https://www.transfermarkt.co.uk/glasgow-rangers/startseite/verein/124
43,heart-of-midlothian-fc,Heart Of Midlothian Fc,SC1,12.33,24,26.8,13,54.2,5,Tynecastle Park,20099,+-0,Robbie Neilson,https://www.transfermarkt.co.uk/heart-of-midlothian-fc/startseite/verein/43
903,hibernian-fc,Hibernian Fc,SC1,20.48,29,26.2,11,37.9,6,Easter Road Stadium,20250,+£241Th.,Shaun Maloney,https://www.transfermarkt.co.uk/hibernian-fc/startseite/verein/903
467,nec-nijmegen,Nec Nijmegen,NL1,11.84,26,24.8,12,46.2,3,Goffertstadion,12500,+-0,Rogier Meijer,https://www.transfermarkt.co.uk/nec-nijmegen/startseite/verein/467
371,celtic-glasgow,Celtic Glasgow,SC1,71.33,35,25.1,24,68.6,15,Celtic Park,60832,+£11.73m,Ange Postecoglou,https://www.transfermarkt.co.uk/celtic-glasgow/startseite/verein/371
403,willem-ii-tilburg,Willem Ii Tilburg,NL1,12.4,27,24.6,16,59.3,1,Koning Willem II Stadion,14700,+£4.73m,Fred Grim,https://www.transfermarkt.co.uk/willem-ii-tilburg/startseite/verein/403
468,sparta-rotterdam,Sparta Rotterdam,NL1,11.99,22,27.3,9,40.9,4,"Sparta-stadion ""Het Kasteel""",11026,+£5.56m,Henk Fraser,https://www.transfermarkt.co.uk/sparta-rotterdam/startseite/verein/468
1304,heracles-almelo,Heracles Almelo,NL1,14.42,30,23.8,20,66.7,2,Erve Asito,12400,£-225Th.,Frank Wormuth,https://www.transfermarkt.co.uk/heracles-almelo/startseite/verein/1304
2740,vorskla-poltava,Vorskla Poltava,UKR1,13.68,26,25.7,10,38.5,6,Vorskla im. Oleksiy Butovskyi,23842,+-0,Yuriy Maksimov,https://www.transfermarkt.co.uk/vorskla-poltava/startseite/verein/2740
306,sc-heerenveen,Sc Heerenveen,NL1,19.06,29,24.0,12,41.4,1,Abe Lenstra Stadion,27224,+£6.66m,Johnny Jansen,https://www.transfermarkt.co.uk/sc-heerenveen/startseite/verein/306
317,fc-twente-enschede,Fc Twente Enschede,NL1,19.94,27,24.0,8,29.6,3,De Grolsch Veste,30205,+£3.78m,Ron Jans,https://www.transfermarkt.co.uk/fc-twente-enschede/startseite/verein/317
465,st-mirren-fc,St Mirren Fc,SC1,7.88,24,26.4,13,54.2,1,The SMISA Stadium,8023,+-0,Jim Goodwin,https://www.transfermarkt.co.uk/st-mirren-fc/startseite/verein/465
200,fc-utrecht,Fc Utrecht,NL1,28.62,28,25.4,9,32.1,1,"Stadion ""Galgenwaard""",23750,+£4.32m,René Hake,https://www.transfermarkt.co.uk/fc-utrecht/startseite/verein/200
499,vitesse-arnheim,Vitesse Arnheim,NL1,30.98,26,23.6,16,61.5,5,GelreDome,21248,£-1.64m,Thomas Letsch,https://www.transfermarkt.co.uk/vitesse-arnheim/startseite/verein/499
234,feyenoord-rotterdam,Feyenoord Rotterdam,NL1,103.82,26,23.8,14,53.8,10,"Stadion Feyenoord ""De Kuip""",47500,+£2.93m,Arne Slot,https://www.transfermarkt.co.uk/feyenoord-rotterdam/startseite/verein/234
1269,pec-zwolle,Pec Zwolle,NL1,12.49,32,23.9,12,37.5,6,MAC³PARK stadion,14000,+-0,Dick Schreuder,https://www.transfermarkt.co.uk/pec-zwolle/startseite/verein/1269
385,fortuna-sittard,Fortuna Sittard,NL1,11.45,28,24.5,15,53.6,1,Fortuna Sittard Stadion,12500,+-0,Sjors Ultee,https://www.transfermarkt.co.uk/fortuna-sittard/startseite/verein/385
65,spvgg-greuther-furth,Spvgg Greuther Furth,L1,29.61,27,25.1,10,37.0,2,Sportpark Ronhof | Thomas Sommer,16626,+£2.03m,Stefan Leitl,https://www.transfermarkt.co.uk/spvgg-greuther-furth/startseite/verein/65
80,vfl-bochum,Vfl Bochum,L1,35.87,29,27.7,14,48.3,3,Vonovia Ruhrstadion,27599,+£315Th.,Thomas Reis,https://www.transfermarkt.co.uk/vfl-bochum/startseite/verein/80
133,sc-cambuur-leeuwarden,Sc Cambuur Leeuwarden,NL1,9.72,24,25.1,7,29.2,5,Cambuurstadion,10250,+-0,Henk de Jong,https://www.transfermarkt.co.uk/sc-cambuur-leeuwarden/startseite/verein/133
3,1-fc-koln,1 Fc Koln,L1,69.53,28,25.4,11,39.3,6,RheinEnergieStadion,50000,+£19.98m,Steffen Baumgart,https://www.transfermarkt.co.uk/1-fc-koln/startseite/verein/3
89,1-fc-union-berlin,1 Fc Union Berlin,L1,79.11,31,27.4,13,41.9,8,An der Alten Försterei,22012,£-4.68m,Urs Fischer,https://www.transfermarkt.co.uk/1-fc-union-berlin/startseite/verein/89
1090,az-alkmaar,Az Alkmaar,NL1,53.57,25,24.1,10,40.0,9,AFAS Stadion,17023,+£37.85m,Pascal Jansen,https://www.transfermarkt.co.uk/az-alkmaar/startseite/verein/1090
44,hertha-bsc,Hertha Bsc,L1,104.42,30,26.2,16,53.3,6,Olympiastadion Berlin,74649,+£20.61m,Tayfun Korkut,https://www.transfermarkt.co.uk/hertha-bsc/startseite/verein/44
48332,kolos-kovalivka,Kolos Kovalivka,UKR1,8.91,26,26.5,9,34.6,3,Kolos,5050,£-85Th.,Yaroslav Vyshnyak,https://www.transfermarkt.co.uk/kolos-kovalivka/startseite/verein/48332
60,sc-freiburg,Sc Freiburg,L1,132.08,26,25.3,10,38.5,8,Europa-Park Stadion,34700,+£4.55m,Christian Streich,https://www.transfermarkt.co.uk/sc-freiburg/startseite/verein/60
79,vfb-stuttgart,Vfb Stuttgart,L1,167.67,34,23.5,19,55.9,5,Mercedes-Benz Arena,60449,+£21.51m,Pellegrino Matarazzo,https://www.transfermarkt.co.uk/vfb-stuttgart/startseite/verein/79
610,ajax-amsterdam,Ajax Amsterdam,NL1,341.37,27,25.5,15,55.6,16,Johan Cruijff ArenA,54990,+£13.95m,Erik ten Hag,https://www.transfermarkt.co.uk/ajax-amsterdam/startseite/verein/610
24,eintracht-frankfurt,Eintracht Frankfurt,L1,178.88,32,25.8,21,65.6,13,Deutsche Bank Park,51500,+£17.69m,Oliver Glasner,https://www.transfermarkt.co.uk/eintracht-frankfurt/startseite/verein/24
533,tsg-1899-hoffenheim,Tsg 1899 Hoffenheim,L1,184.55,35,25.8,22,62.9,14,PreZero Arena,30150,+£495Th.,Sebastian Hoeneß,https://www.transfermarkt.co.uk/tsg-1899-hoffenheim/startseite/verein/533
82,vfl-wolfsburg,Vfl Wolfsburg,L1,240.46,32,25.5,21,65.6,11,Volkswagen Arena,30000,£-45.14m,Florian Kohfeldt,https://www.transfermarkt.co.uk/vfl-wolfsburg/startseite/verein/82
1241,livingston-fc,Livingston Fc,SC1,7.07,25,27.0,13,52.0,0,Tony Macaroni Arena,9512,+-0,David Martindale,https://www.transfermarkt.co.uk/livingston-fc/startseite/verein/1241
167,fc-augsburg,Fc Augsburg,L1,89.82,29,26.1,18,62.1,9,WWK ARENA,30660,£-10.14m,Markus Weinzierl,https://www.transfermarkt.co.uk/fc-augsburg/startseite/verein/167
16,borussia-dortmund,Borussia Dortmund,L1,521.91,33,25.1,18,54.5,16,SIGNAL IDUNA PARK,81365,+£56.48m,Marco Rose,https://www.transfermarkt.co.uk/borussia-dortmund/startseite/verein/16
27,fc-bayern-munchen,Fc Bayern Munchen,L1,733.05,25,26.3,14,56.0,19,Allianz Arena,75024,£-48.15m,Julian Nagelsmann,https://www.transfermarkt.co.uk/fc-bayern-munchen/startseite/verein/27
18,borussia-monchengladbach,Borussia Monchengladbach,L1,233.73,28,25.7,15,53.6,12,Stadion im Borussia-Park,54022,£-10.26m,Adi Hütter,https://www.transfermarkt.co.uk/borussia-monchengladbach/startseite/verein/18
383,psv-eindhoven,Psv Eindhoven,NL1,137.88,26,25.1,20,76.9,9,Philips Stadion,35000,+£33.63m,Roger Schmidt,https://www.transfermarkt.co.uk/psv-eindhoven/startseite/verein/383
1095,es-troyes-ac,Es Troyes Ac,FR1,51.66,34,26.6,18,52.9,8,Stade de l'Aube,21877,£-16.29m,Bruno Irles,https://www.transfermarkt.co.uk/es-troyes-ac/startseite/verein/1095
1420,sco-angers,Sco Angers,FR1,57.74,27,26.4,11,40.7,5,Stade Raymond Kopa,16381,+£9.99m,Gérald Baticle,https://www.transfermarkt.co.uk/sco-angers/startseite/verein/1420
3911,stade-brest-29,Stade Brest 29,FR1,81.32,26,25.5,7,26.9,4,Stade Francis-Le Blé,15097,+£3.33m,Michel Der Zakarian,https://www.transfermarkt.co.uk/stade-brest-29/startseite/verein/3911
23826,rasenballsport-leipzig,Rasenballsport Leipzig,L1,430.43,30,23.9,21,70.0,17,Red Bull Arena,47069,+£3.94m,Domenico Tedesco,https://www.transfermarkt.co.uk/rasenballsport-leipzig/startseite/verein/23826
10,arminia-bielefeld,Arminia Bielefeld,L1,49.55,25,25.5,15,60.0,5,SchücoArena,26515,£-6.75m,Frank Kramer,https://www.transfermarkt.co.uk/arminia-bielefeld/startseite/verein/10
1158,fc-lorient,Fc Lorient,FR1,49.91,29,25.8,10,34.5,5,Stade du Moustoir,19010,+£3.60m,Christophe Pélissier,https://www.transfermarkt.co.uk/fc-lorient/startseite/verein/1158
667,rc-strassburg-alsace,Rc Strassburg Alsace,FR1,86.31,23,26.9,10,43.5,5,Stade de la Meinau,29000,+£11.70m,Julien Stéphan,https://www.transfermarkt.co.uk/rc-strassburg-alsace/startseite/verein/667
969,montpellier-hsc,Montpellier Hsc,FR1,88.43,25,25.2,10,40.0,5,Stade de la Mosson,32939,+£22.32m,Olivier Dall'Oglio,https://www.transfermarkt.co.uk/montpellier-hsc/startseite/verein/969
202,fc-groningen,Fc Groningen,NL1,18.65,25,23.7,11,44.0,3,Euroborg,22550,+£5.78m,Danny Buijs,https://www.transfermarkt.co.uk/fc-groningen/startseite/verein/202
618,as-saint-etienne,As Saint Etienne,FR1,96.21,31,24.8,14,45.2,9,Stade Geoffroy-Guichard,42000,£-270Th.,Pascal Dupraz,https://www.transfermarkt.co.uk/as-saint-etienne/startseite/verein/618
39,1-fsv-mainz-05,1 Fsv Mainz 05,L1,109.89,25,25.8,13,52.0,6,Mewa Arena,33305,+£405Th.,Bo Svensson,https://www.transfermarkt.co.uk/1-fsv-mainz-05/startseite/verein/39
1421,stade-reims,Stade Reims,FR1,90.95,30,24.3,21,70.0,11,Stade Auguste-Delaune,21684,+£5.40m,Óscar García,https://www.transfermarkt.co.uk/stade-reims/startseite/verein/1421
15,bayer-04-leverkusen,Bayer 04 Leverkusen,L1,367.16,29,24.7,20,69.0,14,BayArena,30210,£-9.77m,Gerardo Seoane,https://www.transfermarkt.co.uk/bayer-04-leverkusen/startseite/verein/15
273,fc-stade-rennes,Fc Stade Rennes,FR1,197.28,28,23.8,10,35.7,7,Roazhon Park,29778,£-30.47m,Bruno Génésio,https://www.transfermarkt.co.uk/fc-stade-rennes/startseite/verein/273
1082,losc-lille,Losc Lille,FR1,235.44,25,25.0,20,80.0,10,Stade Pierre-Mauroy,50186,+£51.94m,Jocelyn Gourvennec,https://www.transfermarkt.co.uk/losc-lille/startseite/verein/1082
1041,olympique-lyon,Olympique Lyon,FR1,276.35,30,25.6,19,63.3,13,Groupama Stadium,59186,+£36.00m,Peter Bosz,https://www.transfermarkt.co.uk/olympique-lyon/startseite/verein/1041
162,as-monaco,As Monaco,FR1,326.88,30,24.4,30,100.0,9,Stade Louis-II,18523,£-12.83m,Philippe Clement,https://www.transfermarkt.co.uk/as-monaco/startseite/verein/162
995,fc-nantes,Fc Nantes,FR1,82.58,29,26.5,14,48.3,7,Stade de la Beaujoire,37463,+£7.29m,Antoine Kombouaré,https://www.transfermarkt.co.uk/fc-nantes/startseite/verein/995
40,fc-girondins-bordeaux,Fc Girondins Bordeaux,FR1,83.84,30,25.5,17,56.7,9,Matmut Atlantique,42052,+£5.45m,Vladimir Petkovic,https://www.transfermarkt.co.uk/fc-girondins-bordeaux/startseite/verein/40
3729,arsenal-tula,Arsenal Tula,RU1,19.58,27,28.4,8,29.6,5,Arsenal,19241,+£2.21m,Miodrag Bozovic,https://www.transfermarkt.co.uk/arsenal-tula/startseite/verein/3729
417,ogc-nizza,Ogc Nizza,FR1,218.75,28,24.3,18,64.3,7,Allianz Riviera,36178,£-18.72m,Christophe Galtier,https://www.transfermarkt.co.uk/ogc-nizza/startseite/verein/417
28095,fk-ufa,Fk Ufa,RU1,17.64,25,27.0,7,28.0,4,BetBoom Arena,15132,+£419Th.,Aleksey Stukalov,https://www.transfermarkt.co.uk/fk-ufa/startseite/verein/28095
41231,fk-sochi,Fk Sochi,RU1,31.95,24,28.7,9,37.5,3,Fisht Olympic Stadium,43700,£-4.53m,Vladimir Fedotov,https://www.transfermarkt.co.uk/fk-sochi/startseite/verein/41231
1083,fk-rostov,Fk Rostov,RU1,35.78,27,24.8,9,33.3,7,Rostov Arena,45145,+£491Th.,Vitaliy Kafanov,https://www.transfermarkt.co.uk/fk-rostov/startseite/verein/1083
2698,rubin-kazan,Rubin Kazan,RU1,63.59,24,25.5,9,37.5,8,Ak Bars Arena,45379,£-2.87m,Leonid Slutski,https://www.transfermarkt.co.uk/rubin-kazan/startseite/verein/2698
2410,zska-moskau,Zska Moskau,RU1,76.1,22,26.1,7,31.8,8,VEB Arena,30457,+£38.37m,Aleksey Berezutski,https://www.transfermarkt.co.uk/zska-moskau/startseite/verein/2410
2696,krylya-sovetov-samara,Krylya Sovetov Samara,RU1,26.42,26,25.0,5,19.2,2,Solidarnost Samara Arena,44918,£-1.30m,Igor Osinjkin,https://www.transfermarkt.co.uk/krylya-sovetov-samara/startseite/verein/2696
932,lokomotiv-moskau,Lokomotiv Moskau,RU1,85.77,30,24.9,12,40.0,7,RŽD-Arena,27320,£-26.11m,Markus Gisdol,https://www.transfermarkt.co.uk/lokomotiv-moskau/startseite/verein/932
16704,fk-krasnodar,Fk Krasnodar,RU1,102.38,26,27.7,13,50.0,7,Stadion Krasnodar,35179,£-24.47m,Aleksey Antonyuk,https://www.transfermarkt.co.uk/fk-krasnodar/startseite/verein/16704
3524,clermont-foot-63,Clermont Foot 63,FR1,35.15,27,26.4,15,55.6,8,Stade Gabriel-Montpied,13000,+-0,Pascal Gastien,https://www.transfermarkt.co.uk/clermont-foot-63/startseite/verein/3524
3719,fk-khimki,Fk Khimki,RU1,19.24,23,26.3,6,26.1,1,Arena Khimki,18636,£-583Th.,Igor Cherevchenko,https://www.transfermarkt.co.uk/fk-khimki/startseite/verein/3719
964,zenit-st-petersburg,Zenit St Petersburg,RU1,161.1,23,27.3,8,34.8,12,Gazprom Arena,68134,£-9.80m,Sergey Semak,https://www.transfermarkt.co.uk/zenit-st-petersburg/startseite/verein/964
1301,cs-maritimo,Cs Maritimo,PO1,13.82,26,26.5,16,61.5,2,Estádio do Marítimo,10932,+-0,Vasco Seabra,https://www.transfermarkt.co.uk/cs-maritimo/startseite/verein/1301
244,olympique-marseille,Olympique Marseille,FR1,212.72,26,23.9,15,57.7,9,Orange Vélodrome,67394,£-42.41m,Jorge Sampaoli,https://www.transfermarkt.co.uk/olympique-marseille/startseite/verein/244
3725,akhmat-grozny,Akhmat Grozny,RU1,26.06,32,26.6,11,34.4,5,Akhmat-Arena,30200,+£3.57m,Andrey Talalaev,https://www.transfermarkt.co.uk/akhmat-grozny/startseite/verein/3725
979,moreirense-fc,Moreirense Fc,PO1,16.83,28,26.3,18,64.3,3,E. C. J. de Almeida Freitas,6153,+-0,Lito Vidigal,https://www.transfermarkt.co.uk/moreirense-fc/startseite/verein/979
2423,cd-santa-clara,Cd Santa Clara,PO1,17.93,28,26.8,17,60.7,3,Estádio de São Miguel,15000,+£4.37m,Clemente,https://www.transfermarkt.co.uk/cd-santa-clara/startseite/verein/2423
7179,cd-tondela,Cd Tondela,PO1,18.65,26,25.1,16,61.5,4,Estádio João Cardoso,5000,£-162Th.,Pako Ayestarán,https://www.transfermarkt.co.uk/cd-tondela/startseite/verein/7179
232,spartak-moskau,Spartak Moskau,RU1,103.5,26,25.5,8,30.8,8,Otkrytie Bank Arena,45360,£-11.18m,Paolo Vanoli,https://www.transfermarkt.co.uk/spartak-moskau/startseite/verein/232
2503,boavista-porto-fc,Boavista Porto Fc,PO1,20.34,27,25.3,16,59.3,8,Estádio do Bessa Sec. XXI,28263,£-6.62m,Petit,https://www.transfermarkt.co.uk/boavista-porto-fc/startseite/verein/2503
1465,gd-estoril-praia,Gd Estoril Praia,PO1,20.43,27,24.8,14,51.9,2,Estádio António Coimbra da Mota,8000,+£1.35m,Bruno Pinheiro,https://www.transfermarkt.co.uk/gd-estoril-praia/startseite/verein/1465
7378,portimonense-sc,Portimonense Sc,PO1,24.93,32,26.0,27,84.4,7,Portimonense Estádio,6000,+£4.43m,Paulo Sérgio,https://www.transfermarkt.co.uk/portimonense-sc/startseite/verein/7378
826,rc-lens,Rc Lens,FR1,103.05,27,25.3,15,55.6,9,Stade Bollaert-Delelis,38223,£-2.34m,Franck Haise,https://www.transfermarkt.co.uk/rc-lens/startseite/verein/826
3329,fc-famalicao,Fc Famalicao,PO1,31.77,26,23.8,15,57.7,0,Estádio Municipal de Famalicão,5300,+£5.31m,Rui Pedro Silva,https://www.transfermarkt.co.uk/fc-famalicao/startseite/verein/3329
1075,sc-braga,Sc Braga,PO1,113.85,28,25.7,13,46.4,2,Estádio Municipal de Braga,30286,+£14.82m,Carlos Carvalhal,https://www.transfermarkt.co.uk/sc-braga/startseite/verein/1075
2995,fc-pacos-de-ferreira,Fc Pacos De Ferreira,PO1,19.08,27,25.8,14,51.9,2,Estádio Capital do Móvel,9200,+-0,César Peixoto,https://www.transfermarkt.co.uk/fc-pacos-de-ferreira/startseite/verein/2995
720,fc-porto,Fc Porto,PO1,253.17,27,27.0,15,55.6,13,Estádio do Dragão,50399,£-3.11m,Sérgio Conceição,https://www.transfermarkt.co.uk/fc-porto/startseite/verein/720
8024,fc-arouca,Fc Arouca,PO1,13.03,30,27.1,23,76.7,5,Estádio Municipal de Arouca,5000,+-0,Armando Evangelista,https://www.transfermarkt.co.uk/fc-arouca/startseite/verein/8024
3948,royale-union-saint-gilloise,Royale Union Saint Gilloise,BE1,18.59,24,25.2,17,70.8,5,Stade Joseph Mariën,8000,+-0,Felice Mazzu,https://www.transfermarkt.co.uk/royale-union-saint-gilloise/startseite/verein/3948
347,fc-metz,Fc Metz,FR1,83.52,31,25.5,20,64.5,8,Stade Saint-Symphorien,26700,+£19.35m,Frédéric Antonetti,https://www.transfermarkt.co.uk/fc-metz/startseite/verein/347
2457,belenenses-sad,Belenenses Sad,PO1,14.38,26,24.6,12,46.2,2,Estádio Nacional do Jamor,37593,+£1.13m,Filipe Cândido,https://www.transfermarkt.co.uk/belenenses-sad/startseite/verein/2457
354,kv-mechelen,Kv Mechelen,BE1,20.03,29,25.9,11,37.9,3,AFAS Stadion,16672,+£6.66m,Wouter Vrancken,https://www.transfermarkt.co.uk/kv-mechelen/startseite/verein/354
121,dinamo-moskau,Dinamo Moskau,RU1,89.55,26,25.4,8,30.8,10,VTB-Arena,25716,£-4.88m,Sandro Schwarz,https://www.transfermarkt.co.uk/dinamo-moskau/startseite/verein/121
2861,kv-oostende,Kv Oostende,BE1,23.58,26,23.8,16,61.5,4,Diaz Arena,8432,+£5.22m,Alexander Blessin,https://www.transfermarkt.co.uk/kv-oostende/startseite/verein/2861
336,sporting-lissabon,Sporting Lissabon,PO1,224.19,26,26.0,12,46.2,9,Estádio José Alvalade XXI,50080,+£513Th.,Rúben Amorim,https://www.transfermarkt.co.uk/sporting-lissabon/startseite/verein/336
601,kv-kortrijk,Kv Kortrijk,BE1,21.87,29,25.4,22,75.9,5,Guldensporenstadion,9399,£-450Th.,Karim Belhocine,https://www.transfermarkt.co.uk/kv-kortrijk/startseite/verein/601
2420,vitoria-guimaraes-sc,Vitoria Guimaraes Sc,PO1,54.32,29,24.9,12,41.4,3,Estádio D. Afonso Henriques,29865,£-2.43m,Pêpa,https://www.transfermarkt.co.uk/vitoria-guimaraes-sc/startseite/verein/2420
41274,beerschot-v-a-,Beerschot V A ,BE1,23.69,29,25.5,18,62.1,4,Olympisch Stadion,12771,£-2.01m,Javier Torrente,https://www.transfermarkt.co.uk/beerschot-v-a-/startseite/verein/41274
3057,standard-luttich,Standard Luttich,BE1,53.75,32,23.8,20,62.5,12,Maurice Dufrasne Stadion,27670,+£21.60m,Luka Elsner,https://www.transfermarkt.co.uk/standard-luttich/startseite/verein/3057
1096,royal-antwerpen-fc,Royal Antwerpen Fc,BE1,55.96,32,25.7,16,50.0,4,De Bosuil,16144,£-20.87m,Brian Priske,https://www.transfermarkt.co.uk/royal-antwerpen-fc/startseite/verein/1096
520,cercle-brugge,Cercle Brugge,BE1,19.55,29,24.0,17,58.6,5,Jan-Breydel-Stadion,29062,£-900Th.,Dominik Thalhammer,https://www.transfermarkt.co.uk/cercle-brugge/startseite/verein/520
157,kaa-gent,Kaa Gent,BE1,43.04,31,26.7,17,54.8,11,Ghelamco Arena,19999,+£18.81m,Hein Vanhaezebrouck,https://www.transfermarkt.co.uk/kaa-gent/startseite/verein/157
3508,sv-zulte-waregem,Sv Zulte Waregem,BE1,22.61,31,25.0,16,51.6,1,Regenboogstadion,12250,+£270Th.,Timmy Simons,https://www.transfermarkt.co.uk/sv-zulte-waregem/startseite/verein/3508
2424,gil-vicente-fc,Gil Vicente Fc,PO1,15.12,30,25.4,21,70.0,2,Estádio Municipal de Barcelos,12504,+£1.80m,Ricardo Soares,https://www.transfermarkt.co.uk/gil-vicente-fc/startseite/verein/2424
1184,krc-genk,Krc Genk,BE1,120.87,25,23.4,17,68.0,12,Luminus Arena,24956,£-2.07m,Bernd Storck,https://www.transfermarkt.co.uk/krc-genk/startseite/verein/1184
172,rsc-charleroi,Rsc Charleroi,BE1,28.06,30,23.3,18,60.0,10,Stade du Pays de Charleroi,15000,+£7.92m,Edward Still,https://www.transfermarkt.co.uk/rsc-charleroi/startseite/verein/172
294,benfica-lissabon,Benfica Lissabon,PO1,267.57,32,27.1,22,68.8,15,Estádio da Luz,65000,+£21.60m,Nélson Veríssimo,https://www.transfermarkt.co.uk/benfica-lissabon/startseite/verein/294
2727,oud-heverlee-leuven,Oud Heverlee Leuven,BE1,25.52,29,25.2,15,51.7,9,King Power at Den Dreef Stadion,10020,+£3.06m,Marc Brys,https://www.transfermarkt.co.uk/oud-heverlee-leuven/startseite/verein/2727
58,rsc-anderlecht,Rsc Anderlecht,BE1,80.55,31,23.4,15,48.4,7,Lotto Park,21500,+£7.61m,Vincent Kompany,https://www.transfermarkt.co.uk/rsc-anderlecht/startseite/verein/58
